67474,65578,Seguro Dental Completo,43
67474,34511,Bienestar Activo,57
67474,54418,Seguro de Rehabilitación,49
67474,79870,Cuidado Geriátrico,14
58710,31772,Cobertura Médica Plus,12
58710,27709,Cobertura de Tratamientos Especiales,60
16392,26625,Cobertura Médica Plus,12
16392,17682,Seguro de Medicina Alternativa,10
16392,12627,Salud Flexible,67
44404,89682,Cuidado Preventivo,44
44404,11759,Salud Flexible,39
44404,13262,Protección en Emergencias,37
33702,80569,Cobertura de Medicamentos,39
33702,30475,Cuidado Preventivo,69
33702,72399,Salud Protegida,38
33702,11180,Seguro Dental Completo,15
50853,35946,Cuidado Preventivo,13
68446,56541,Seguro Dental Completo,67
68446,58428,Bienestar Activo,25
23127,48684,Salud Flexible,17
73754,15468,Seguro de Enfermedades Crónicas,65
80813,11069,Cobertura de Tratamientos Especiales,20
80813,63550,Seguro Dental Completo,26
80813,17425,Seguro Médico Integral,64
80813,84109,Plan Materno-Infantil,28
62147,84604,Cuidado Preventivo,31
62147,32691,Bienestar Activo,14
62147,81041,Cobertura de Medicamentos,66
78845,31706,Seguro Médico Integral,12
78845,55518,Salud Primordial,12
78845,86594,Cobertura de Cirugías,19
78845,40946,Cobertura Médica Plus,54
23404,53786,Seguro de Asistencia Médica,27
30272,57835,Seguro de Terapia Física,36
30272,89918,Cuidado Geriátrico,11
30272,54793,Bienestar Activo,61
73707,29155,Protección Ocular,40
73707,55196,Seguro de Rehabilitación,30
35434,56753,Plan de Nutrición y Dietética,41
35434,46277,Salud Flexible,36
44343,65264,Cuidado Total,55
44343,20935,Prevención Total,62
44343,74102,Plan de Salud Holístico,24
55801,64393,Protección Ocular,52
55801,97043,Bienestar Activo,63
55801,36075,Seguro de Medicina Alternativa,13
55801,85771,Protección Ocular,70
55801,18678,Cobertura de Tratamientos Especiales,27
58058,30645,Bienestar Mental,14
58058,45614,Familia Sana,36
58058,19707,Bienestar Activo,27
58058,61933,Cuidado Preventivo,69
80314,16392,Cobertura Médica Plus,47
52353,39014,Salud Primordial,32
52353,43481,Plan Materno-Infantil,66
52353,33359,Seguro Médico Integral,32
52353,37641,Cuidado Total,29
24545,79098,Seguro Dental Completo,32
24545,54738,Protección Ocular,21
24545,40007,Familia Sana,26
56054,97590,Seguro de Medicina Alternativa,59
56054,85080,Seguro de Enfermedades Crónicas,23
56054,69464,Salud Protegida,36
84570,11674,Seguro de Enfermedades Crónicas,63
84570,56998,Cuidado Geriátrico,23
74665,24666,Protección en Emergencias,15
98467,74774,Cuidado Preventivo,62
98467,22747,Familia Sana,17
98467,98554,Cobertura Médica Plus,66
98467,84685,Protección Vitalicia,33
98467,89961,Protección en Emergencias,14
89061,41863,Cobertura de Tratamientos Especiales,53
89061,80234,Prevención Total,70
89061,16106,Plan Materno-Infantil,29
89061,53298,Plan de Bienestar Familiar,45
25275,96507,Cobertura Global de Salud,63
25275,85695,Familia Sana,38
87072,38346,Plan de Nutrición y Dietética,54
87072,97499,Cobertura de Tratamientos Especiales,46
87072,21373,Seguro de Enfermedades Crónicas,14
90586,80834,Plan Materno-Infantil,15
90586,78012,Salud Protegida,25
